district_code,no,pref_name,city_name,facility_name,facility_kana,facilty_en,address,facility_other_name,toilet_postion,lat,lng,count_male_total,count_male_urinal,count_male_jp_style,count_male_west_style,count_female_total,count_female_jp_style,count_female_west_style,count_all,count_jp_style_all,count_west_style_all,count_multifunctional,available_wheelchairl,available_baby,available_ostomate,available_from,available_to,available_time_info,image,image_licencce,remark
271004,"",大阪府,大阪市,戎橋,エビスバシ,"",中央区道頓堀1-10,"","",34.6689054,135.5012259,"","","","","","","","","","","","","","","","","","","",便器数　　男性用　洋：１　小：２　　女性用　洋：１
271004,"",大阪府,大阪市,太左衛門橋,タザエモンバシ,"","","","",34.6689084,135.5032923,"","","","","","","","","","","","","","","","","","","",便器数　　男性用　小：３　　車椅子対応：１
271004,"",大阪府,大阪市,城北公園　公衆トイレ５,"","","","","",34.7302112,135.5399132,"","","","","","","","","","","","","","","","","","","",""
271004,"",大阪府,大阪市,江野公園　公衆トイレ,"","","","","",34.7235842,135.5423468,"","","","","","","","","","","","","","","","","","","",""
271004,"",大阪府,大阪市,旭公園　公衆トイレ１,"","","","","",34.7193317,135.5404859,"","","","","","","","","","","","","","","","","","","",""
271004,"",大阪府,大阪市,旭公園　公衆トイレ２,"","","","","",34.7175954,135.5407979,"","","","","","","","","","","","","","","","","","","",""
271004,"",大阪府,大阪市,旭公園　公衆トイレ３,"","","","","",34.7179542,135.5398728,"","","","","","","","","","","","","","","","","","","",""
271004,"",大阪府,大阪市,太子橋中公園　公衆トイレ,"","","","","",34.7360674,135.5553748,"","","","","","","","","","","","","","","","","","","",""
271004,"",大阪府,大阪市,高殿７公園　公衆トイレ,"","","","","",34.7179531,135.5491347,"","","","","","","","","","","","","","","","","","","",""
271004,"",大阪府,大阪市,蒲生公園　公衆トイレ,"","","","","",34.7044606,135.5442865,"","","","","","","","","","","","","","","","","","","",""
271004,"",大阪府,大阪市,鯰江公園　公衆トイレ,"","","","","",34.7041095,135.5524865,"","","","","","","","","","","","","","","","","","","",""
271004,"",大阪府,大阪市,西関目公園　公衆トイレ,"","","","","",34.7084436,135.5481773,"","","","","","","","","","","","","","","","","","","",""
271004,"",大阪府,大阪市,成育公園　公衆トイレ,"","","","","",34.7092715,135.5437866,"","","","","","","","","","","","","","","","","","","",""
271004,"",大阪府,大阪市,左専道公園　公衆トイレ,"","","","","",34.6862441,135.5571212,"","","","","","","","","","","","","","","","","","","",""
271004,"",大阪府,大阪市,東中浜公園　公衆トイレ,"","","","","",34.6846778,135.5486718,"","","","","","","","","","","","","","","","","","","",""
271004,"",大阪府,大阪市,東今福公園　公衆トイレ,"","","","","",34.7030054,135.5583325,"","","","","","","","","","","","","","","","","","","",""
271004,"",大阪府,大阪市,西放出公園　公衆トイレ,"","","","","",34.6928051,135.5573212,"","","","","","","","","","","","","","","","","","","",""
271004,"",大阪府,大阪市,鴫野公園　公衆トイレ,"","","","","",34.6915712,135.5409286,"","","","","","","","","","","","","","","","","","","",""
271004,"",大阪府,大阪市,鴫野北公園　公衆トイレ,"","","","","",34.6954024,135.544812,"","","","","","","","","","","","","","","","","","","",""
271004,"",大阪府,大阪市,中之島公園　公衆トイレ１,"","","","","",34.6927194,135.5074816,"","","","","","","","","","","","","","","","","","","",""
271004,"",大阪府,大阪市,中之島公園　公衆トイレ２,"","","","","",34.6916997,135.5103598,"","","","","","","","","","","","","","","","","","","",""
271004,"",大阪府,大阪市,毛馬桜之宮公園　公衆トイレ１,ケマサクラノミヤコウエン　コウシュウトイレ１,"","","","",34.6931031,135.520352,"","","","","","","","","","","","","","","","","","","",""
271004,"",大阪府,大阪市,毛馬桜之宮公園,ケマサクラノミヤコウエン,"","","","",34.6920218,135.5176806,"","","","","","","","","","","","","","","","","","","",便器数　　男性用　和：１　小：２　　女性用　和：２
271004,"",大阪府,大阪市,都島公園,ミヤコジマコウエン,"","","","",34.705904,135.5305025,"","","","","","","","","","","","","","","","","","","",便器数　　男性用　小：２　　男女兼用　和：１　　車椅子対応：１
271004,"",大阪府,大阪市,西九条駅前,ニシクジョウエキマエ,"","","","",34.6821315,135.4659006,"","","","","","","","","","","","","","","","","","","",便器数　　男性用　小：３　　男女兼用　和：１
271004,"",大阪府,大阪市,安治川トンネル南口,アジガワトンネルミナミグチ,"","","","",34.6789557,135.4676463,"","","","","","","","","","","","","","","","","","","",便器数　　男性用　小：２　　男女兼用　和：１
271004,"",大阪府,大阪市,毛馬桜之宮公園　公衆トイレ２,ケマサクラノミヤコウエン　コウシュウトイレ２,"","","","",34.6955789,135.5237827,"","","","","","","","","","","","","","","","","","","",""
271004,"",大阪府,大阪市,毛馬桜之宮公園　公衆トイレ３,ケマサクラノミヤコウエン　コウシュウトイレ３,"","","","",34.7006299,135.5230853,"","","","","","","","","","","","","","","","","","","",""
271004,"",大阪府,大阪市,毛馬桜之宮公園　公衆トイレ４,ケマサクラノミヤコウエン　コウシュウトイレ４,"","","","",34.7059044,135.518927,"","","","","","","","","","","","","","","","","","","",""
271004,"",大阪府,大阪市,毛馬桜之宮公園　公衆トイレ５,ケマサクラノミヤコウエン　コウシュウトイレ５,"","","","",34.7164815,135.5220801,"","","","","","","","","","","","","","","","","","","",""
271004,"",大阪府,大阪市,八幡屋公園　公衆トイレ１,"","","","","",34.6617419,135.4470434,"","","","","","","","","","","","","","","","","","","",""
271004,"",大阪府,大阪市,八幡屋公園　公衆トイレ２,ヤハタヤコウエン　コウシュウトイレ２,"","","","",34.6596752,135.4473506,"","","","","","","","","","","","","","","","","","","",""
271004,"",大阪府,大阪市,八幡屋公園　公衆トイレ３,ヤハタヤコウエン　コウシュウトイレ３,"","","","",34.65968,135.445898,"","","","","","","","","","","","","","","","","","","",""
271004,"",大阪府,大阪市,城北公園　公衆トイレ１,シロキタコウエン　コウシュウトイレ１,"","","","",34.7290647,135.5401612,"","","","","","","","","","","","","","","","","","","",""
271004,"",大阪府,大阪市,城北公園　公衆トイレ２,シロキタコウエン　コウシュウトイレ２,"","","","",34.7300717,135.5383266,"","","","","","","","","","","","","","","","","","","",""
271004,"",大阪府,大阪市,城北公園　公衆トイレ３,シロキタコウエン　コウシュウトイレ３,"","","","",34.7284083,135.537981,"","","","","","","","","","","","","","","","","","","",""
271004,"",大阪府,大阪市,城北公園　公衆トイレ４,シロキタコウエン　コウシュウトイレ４,"","","","",34.729398,135.5359483,"","","","","","","","","","","","","","","","","","","",""
271004,"",大阪府,大阪市,靭公園　公衆トイレ１,ウツボコウエン　コウシュウトイレ１,"","","","",34.6835287,135.4894201,"","","","","","","","","","","","","","","","","","","",""
271004,"",大阪府,大阪市,靭公園　公衆トイレ２,ウツボコウエン　コウシュウトイレ２,"","","","",34.6852794,135.4931196,"","","","","","","","","","","","","","","","","","","",""
271004,"",大阪府,大阪市,靭公園　公衆トイレ３,ウツボコウエン　コウシュウトイレ３,"","","","",34.6863298,135.4950437,"","","","","","","","","","","","","","","","","","","",""
271004,"",大阪府,大阪市,靭公園　公衆トイレ４,ウツボコウエン　コウシュウトイレ４,"","","","",34.6860524,135.4961366,"","","","","","","","","","","","","","","","","","","",""
271004,"",大阪府,大阪市,天王寺公園　公衆トイレ１,テンノウジコウエｎ　コウシュウトイレ１,"","","","",34.6492826,135.5099609,"","","","","","","","","","","","","","","","","","","",""
271004,"",大阪府,大阪市,天王寺公園　公衆トイレ２,テンノウジコウエン　コウシュウトイレ２,"","","","",34.6480167,135.5118771,"","","","","","","","","","","","","","","","","","","",""
271004,"",大阪府,大阪市,天王寺公園　公衆トイレ３,テンノウジコウエン　コウシュウトイレ３,"","","","",34.6492811,135.5110652,"","","","","","","","","","","","","","","","","","","",""
271004,"",大阪府,大阪市,天王寺公園　公衆トイレ４,テンノウジコウエン　コウシュウトイレ４,"","","","",34.6496306,135.5097137,"","","","","","","","","","","","","","","","","","","",""
271004,"",大阪府,大阪市,天王寺公園　公衆トイレ５,テンノウジコウエン　コウシュウトイレ５,"","","","",34.6519001,135.5122025,"","","","","","","","","","","","","","","","","","","",""
271004,"",大阪府,大阪市,天王寺動物園　公衆トイレ１,テンノウジドウブツエン　コウシュウトイレ１,"","","","",34.6493831,135.5069743,"","","","","","","","","","","","","","","","","","","",""
271004,"",大阪府,大阪市,天王寺動物園　公衆トイレ２,テンノウジドウブツエン　コウシュウトイレ２,"","","","",34.6498745,135.5072849,"","","","","","","","","","","","","","","","","","","",""
271004,"",大阪府,大阪市,天王寺動物園　公衆トイレ３,テンノウジドウブツエン　コウシュウトイレ３,"","","","",34.6496369,135.5084592,"","","","","","","","","","","","","","","","","","","",""
271004,"",大阪府,大阪市,天王寺動物園　公衆トイレ４,テンノウジドウブツエン　コウシュウトイレ４,"","","","",34.6503929,135.5086384,"","","","","","","","","","","","","","","","","","","",""
271004,"",大阪府,大阪市,天王寺動物園　公衆トイレ５,テンノウジドウブツエン　コウシュウトイレ５,"","","","",34.65054,135.5074243,"","","","","","","","","","","","","","","","","","","",""
271004,"",大阪府,大阪市,天王寺動物園　公衆トイレ６,テンノウジドウブツエン　コウシュウトイレ６,"","","","",34.6509401,135.5074762,"","","","","","","","","","","","","","","","","","","",""
271004,"",大阪府,大阪市,天王寺動物園　公衆トイレ７,テンノウジドウブツエン　コウシュウトイレ７,"","","","",34.6513887,135.5082914,"","","","","","","","","","","","","","","","","","","",""
271004,"",大阪府,大阪市,天王寺動物園　公衆トイレ８,テンノウジドウブツエン　コウシュウトイレ８,"","","","",34.651371,135.5094644,"","","","","","","","","","","","","","","","","","","",""
271004,"",大阪府,大阪市,天王寺動物園　公衆トイレ９,テンノジドウブツエン　コウシュウトイレ９,"","","","",34.6531279,135.5092293,"","","","","","","","","","","","","","","","","","","",""
271004,"",大阪府,大阪市,天王寺動物園　公衆トイレ１０,テンノウジドウブツエン　コウシュウトイレ１０,"","","","",34.6537611,135.5083804,"","","","","","","","","","","","","","","","","","","",""
271004,"",大阪府,大阪市,長居植物園　公衆トイレ１,ナガイショクブツエン　コウシュウトイレ１,"","","","",34.6111231,135.5206936,"","","","","","","","","","","","","","","","","","","",""
271004,"",大阪府,大阪市,長居植物園　公衆トイレ２,ナガイショクブツエン　コウシュウトイレ２,"","","","",34.6100144,135.5253269,"","","","","","","","","","","","","","","","","","","",""
271004,"",大阪府,大阪市,長居植物園　公衆トイレ３,ナガイショクブツエン　コウシュウトイレ３,"","","","",34.6128568,135.5260538,"","","","","","","","","","","","","","","","","","","",""
271004,"",大阪府,大阪市,長居植物園　公衆トイレ４,ナガイショクブツエン　コウシュウトイレ４,"","","","",34.6146023,135.5242718,"","","","","","","","","","","","","","","","","","","",""
271004,"",大阪府,大阪市,長居植物園　公衆トイレ５,ナガイショクブツエン　コウシュウトイレ５,"","","","",34.6135074,135.5238554,"","","","","","","","","","","","","","","","","","","",""
271004,"",大阪府,大阪市,長居公園　公衆トイレ１,ナガイコウエン　コウシュウトイレ１,"","","","",34.6102203,135.5146677,"","","","","","","","","","","","","","","","","","","",""
271004,"",大阪府,大阪市,長居公園　公衆トイレ２,ナガイコウエン　コウシュウトイレ２,"","","","",34.6097398,135.5156715,"","","","","","","","","","","","","","","","","","","",""
271004,"",大阪府,大阪市,長居公園　公衆トイレ３,ナガイコウエン　コウシュウトイレ３,"","","","",34.6099002,135.5264318,"","","","","","","","","","","","","","","","","","","",""
271004,"",大阪府,大阪市,長居公園　公衆トイレ４,ナガイコウエン　コウシュウトイレ４,"","","","",34.6114122,135.519656,"","","","","","","","","","","","","","","","","","","",""
271004,"",大阪府,大阪市,長居公園　公衆トイレ５,ナガイコウエン　コウシュウトイレ５,"","","","",34.6147738,135.5263967,"","","","","","","","","","","","","","","","","","","",""
271004,"",大阪府,大阪市,長居公園　公衆トイレ６,ナガイコウエン　コウシュウトイレ６,"","","","",34.6133052,135.5196924,"","","","","","","","","","","","","","","","","","","",""
271004,"",大阪府,大阪市,大阪城公園　公衆トイレ１,オオサカジョウコウエン　コウシュウトイレ１,"","","","",34.6865957,135.5262627,"","","","","","","","","","","","","","","","","","","",""
271004,"",大阪府,大阪市,大阪城公園　公衆トイレ２,オオサカジョウコウエン　コウシュウトイレ２,"","","","",34.6867671,135.5253949,"","","","","","","","","","","","","","","","","","","",""
271004,"",大阪府,大阪市,大阪城公園　公衆トイレ３,オオサカジョウコウエン　コウシュウトイレ３,"","","","",34.6857293,135.5251011,"","","","","","","","","","","","","","","","","","","",""
271004,"",大阪府,大阪市,大阪城公園　公衆トイレ４,オオサカジョウコウエン　コウシュウトイレ４,"","","","",34.6867671,135.5283081,"","","","","","","","","","","","","","","","","","","",""
271004,"",大阪府,大阪市,大阪城公園　公衆トイレ５,オオサカジョウコウエン　コウシュウトイレ５,"","","","",34.6897228,135.5261899,"","","","","","","","","","","","","","","","","","","",""
271004,"",大阪府,大阪市,大阪城公園　公衆トイレ６,オオサカジョウコウエン　コウシュウトイレ６,"","","","",34.6884025,135.5228758,"","","","","","","","","","","","","","","","","","","",""
271004,"",大阪府,大阪市,大阪城公園　公衆トイレ７,オオサカジョウコウエン　コウシュウトイレ７,"","","","",34.6844746,135.5255243,"","","","","","","","","","","","","","","","","","","",""
271004,"",大阪府,大阪市,大阪城公園　公衆トイレ８,オオサカジョウコウエン　コウシュウトイレ８,"","","","",34.6856255,135.5215822,"","","","","","","","","","","","","","","","","","","",""
271004,"",大阪府,大阪市,大阪城公園　公衆トイレ９,大阪城公園　公衆トイレ９,"","","","",34.683548,135.5220168,"","","","","","","","","","","","","","","","","","","",""
271004,"",大阪府,大阪市,大阪城公園　公衆トイレ１１,オオサカジョウコウエン　コウシュウトイレ１１,"","","","",34.6823719,135.5296489,"","","","","","","","","","","","","","","","","","","",""
271004,"",大阪府,大阪市,大阪城公園　公衆トイレ１２,オオサカジョウコウエン　コウシュウトイレ１２,"","","","",34.6842623,135.5304297,"","","","","","","","","","","","","","","","","","","",""
271004,"",大阪府,大阪市,大阪城公園　公衆トイレ１３,オオサカジョウコウエン　コウシュウトイレ１３,"","","","",34.6836266,135.5320905,"","","","","","","","","","","","","","","","","","","",""
271004,"",大阪府,大阪市,大阪城公園　公衆トイレ１４,オオサカジョウコウエン　コウシュウトイレ１４,"","","","",34.682316899999996,135.5329778,"","","","","","","","","","","","","","","","","","","",""
271004,"",大阪府,大阪市,大阪城公園　公衆トイレ１５,オオサカジョウコウエン　コウシュウトイレ１５,"","","","",34.6863409,135.5332284,"","","","","","","","","","","","","","","","","","","",""
271004,"",大阪府,大阪市,大阪城公園　公衆トイレ１６,オオサカジョウコウエン　コウシュウトイレ１６,"","","","",34.6890647,135.5323398,"","","","","","","","","","","","","","","","","","","",""
271004,"",大阪府,大阪市,大阪城公園　公衆トイレ１７,オオサカジョウコウエン　コウシュウトイレ１７,"","","","",34.6894274,135.5314713,"","","","","","","","","","","","","","","","","","","",""
271004,"",大阪府,大阪市,大阪城公園　公衆トイレ１８,オオサカジョウコウエン　コウシュウトイレ１８,"","","","",34.6899008,135.52852240000001,"","","","","","","","","","","","","","","","","","","",""
271004,"",大阪府,大阪市,花博記念公園鶴見緑地　公衆トイレ１,ハナハクツルミリョクチキネンコウエン　コウシュウトイレ１,"","","","",34.7165118,135.5760612,"","","","","","","","","","","","","","","","","","","",""
271004,"",大阪府,大阪市,花博記念公園鶴見緑地　公衆トイレ２,ハナハクキネンコウエンツルミリョクチ　コウシュウトイレ２,"","","","",34.7163489,135.5779457,"","","","","","","","","","","","","","","","","","","",""
271004,"",大阪府,大阪市,花博記念公園鶴見緑地　公衆トイレ３,ハナハクキネンコウエンツルミリョクチ　コウシュウトイレ３,"","","","",34.715269,135.5784692,"","","","","","","","","","","","","","","","","","","",""
271004,"",大阪府,大阪市,花博記念公園鶴見緑地　公衆トイレ４,ハナハクキネンコウエンツルミリョクチ　コウシュウトイレ４,"","","","",34.7139251,135.5775758,"","","","","","","","","","","","","","","","","","","",""
271004,"",大阪府,大阪市,花博記念公園鶴見緑地　公衆トイレ５,ハナハクキネンコウエンツルミリョクチ　コウシュウトイレ５,"","","","",34.7119927,135.5760572,"","","","","","","","","","","","","","","","","","","",""
271004,"",大阪府,大阪市,花博記念公園鶴見緑地　公衆トイレ６,ハナハクキネンコウエンツルミリョクチ　コウシュウトイレ６,"","","","",34.7115706,135.5778197,"","","","","","","","","","","","","","","","","","","",""
271004,"",大阪府,大阪市,花博記念公園鶴見緑地　公衆トイレ７,ハナハクキネンコウエンツルミリョクチ　コウシュウトイレ７,"","","","",34.710765,135.5762405,"","","","","","","","","","","","","","","","","","","",""
271004,"",大阪府,大阪市,花博記念公園鶴見緑地　公衆トイレ８,ハナハクキネンコウエンツルミリョクチ　コウシュウトイレ８,"","","","",34.7092637,135.5786908,"","","","","","","","","","","","","","","","","","","",""
271004,"",大阪府,大阪市,花博記念公園鶴見緑地　公衆トイレ９,ハナハクキネンコウエンツルミリョクチ９,"","","","",34.7109341,135.5729917,"","","","","","","","","","","","","","","","","","","",""
271004,"",大阪府,大阪市,花博記念公園鶴見緑地　公衆トイレ１０,ハナハクキネンコウエンツルミリョクチ　コウシュウトイレ１０,"","","","",34.712926,135.5722856,"","","","","","","","","","","","","","","","","","","",""
271004,"",大阪府,大阪市,花博記念公園鶴見緑地　公衆トイレ１１,ハナハクキネンコウエンツルミリョクチ１１,"","","","",34.7106956,135.5692679,"","","","","","","","","","","","","","","","","","","",""
271004,"",大阪府,大阪市,花博記念公園鶴見緑地　公衆トイレ１２,ハナハクキネンコウエンツルミリョクチ　コウシュウトイレ１２,"","","","",34.7126691,135.569619,"","","","","","","","","","","","","","","","","","","",""
271004,"",大阪府,大阪市,花博記念公園鶴見緑地　公衆トイレ１３,ハナハクキネンコウエンツルミリョクチ　コウシュウトイレ１３,"","","","",34.7163235,135.5690409,"","","","","","","","","","","","","","","","","","","",""
271004,"",大阪府,大阪市,花博記念公園鶴見緑地　公衆トイレ１４,ハナハクキネンコウエンツルミリョクチ　コウシュウトイレ１４,"","","","",34.7160104,135.5728772,"","","","","","","","","","","","","","","","","","","",""
271004,"",大阪府,大阪市,花博記念公園鶴見緑地　公衆トイレ１５,ハナハクキネンコウエンツルミリョクチ　コウシュウトイレ１５,"","","","",34.7150412,135.5744652,"","","","","","","","","","","","","","","","","","","",""
271004,"",大阪府,大阪市,花博記念公園鶴見緑地　公衆トイレ１６,ハナハクキネンコウエンツルミリョクチ　コウシュウトイレ１６,"","","","",34.7150553,135.5752905,"","","","","","","","","","","","","","","","","","","",""
271004,"",大阪府,大阪市,花博記念公園鶴見緑地　公衆トイレ１７,ハナハクキネンコウエンツルミリョクチ　コウシュウトイレ１７,"","","","",34.7115322,135.563655,"","","","","","","","","","","","","","","","","","","",""
271004,"",大阪府,大阪市,扇町公園　公衆トイレ１,オウギマチコウエン　コウシュウトイレ１,"","","","",34.7047368,135.5087725,"","","","","","","","","","","","","","","","","","","",""
271004,"",大阪府,大阪市,鶴満寺公園　公衆トイレ,カクマンジコウエン　コウシュウトイレ,"","","","",34.7112121,135.5161607,"","","","","","","","","","","","","","","","","","","",""
271004,"",大阪府,大阪市,天六,テンロク,"","","","",34.7105656,135.5114425,"","","","","","","","","","","","","","","","","","","",便器数　　男性用　洋：１　和：１　小：２　　女性用　洋：１　和：１　　車椅子対応：１
271004,"",大阪府,大阪市,朝潮橋,アサシオバシ,"","","","",34.660045,135.4487048,"","","","","","","","","","","","","","","","","","","",便器数　　男性用　小：３　　男女兼用　和：１
271004,"",大阪府,大阪市,大正橋,タイショウバシ,"","","","",34.6668023,135.4798591,"","","","","","","","","","","","","","","","","","","",便器数　　男性用　小：２　　男女兼用　和：１　　車椅子対応：１
271004,"",大阪府,大阪市,鶴町北公園,ツルマチキタコウエン,"","","","",34.6438319,135.45428,"","","","","","","","","","","","","","","","","","","",便器数　　男性用　小：１　　男女兼用　和：１
271004,"",大阪府,大阪市,生玉町,イクタマチョウ,"","","","",34.665891,135.5129934,"","","","","","","","","","","","","","","","","","","",便器数　　男性用　小：２　　男女兼用　和：１
271004,"",大阪府,大阪市,五条公園,ゴジョウコウエン,"","","","",34.6578999,135.5240926,"","","","","","","","","","","","","","","","","","","",便器数　　男性用　小：２　　男女兼用　和：１
271004,"",大阪府,大阪市,御霊神社横,ゴリョウジンジャヨコ,"","","","",34.6876051,135.4988968,"","","","","","","","","","","","","","","","","","","",便器数　　男性用　小：２　　男女兼用　和：１
271004,"",大阪府,大阪市,空堀通,カラホリドオリ,"","","","",34.6738668,135.5137581,"","","","","","","","","","","","","","","","","","","",便器数　　男性用　小：１
271004,"",大阪府,大阪市,九之助橋,クノスケバシ,"","","","",34.6735802,135.5111818,"","","","","","","","","","","","","","","","","","","",便器数　　男性用　小：２　　男女兼用　和：１
271004,"",大阪府,大阪市,新世界,シンセカイ,"","","","",34.6525241,135.505961,"","","","","","","","","","","","","","","","","","","",便器数　　男性用　小：２　　男女兼用　和：２
271004,"",大阪府,大阪市,相合橋,アイアウバシ,"","","","",34.6691998,135.504371,"","","","","","","","","","","","","","","","","","","",便器数　　男性用　小：１　　女性用　洋：１　　車椅子対応：１
271004,"",大阪府,大阪市,野里公園,ノザトコウエン,"","","","",34.7087649,135.4633418,"","","","","","","","","","","","","","","","","","","",便器数　　男性用　小：２　　男女兼用　和：１　　車椅子対応：１
271004,"",大阪府,大阪市,大野川遊歩道,オオノガワユウホドウ,"","","","",34.7155231,135.460064,"","","","","","","","","","","","","","","","","","","",便器数　　男性用　和：１　小：２　　女性用　和：２　　車椅子対応：１
271004,"",大阪府,大阪市,南中本公園,ミナミナカモトコウエン,"","","","",34.6742732,135.5421319,"","","","","","","","","","","","","","","","","","","",便器数　　男性用　小：２　　男女兼用　和：１　　車椅子対応：１
271004,"",大阪府,大阪市,大今里公園,オオイマザトコウエン,"","","","",34.6686406,135.5486893,"","","","","","","","","","","","","","","","","","","",便器数　　男性用　和：１　小：２　　女性用　和：１
271004,"",大阪府,大阪市,千林町,センバヤシチョウ,"","","","",34.7242708,135.55479,"","","","","","","","","","","","","","","","","","","",便器数　　男性用　小：４　　男女兼用　和：２
271004,"",大阪府,大阪市,野江,ノエ,"","","","",34.7104246,135.5398903,"","","","","","","","","","","","","","","","","","","",便器数　　男性用　和：１　小：２　　女性用　和：２
271004,"",大阪府,大阪市,山坂公園,ヤマサカコウエン,"","","","",34.6230148,135.5218921,"","","","","","","","","","","","","","","","","","","",便器数　　男性用　小：２　　男女兼用　和：１
271004,"",大阪府,大阪市,平野公園,ヒラノコウエン,"","","","",34.6233224,135.5597797,"","","","","","","","","","","","","","","","","","","",便器数　　男性用　小：２　　男女兼用　和：１　　車椅子対応：１
271004,"",大阪府,大阪市,浦江公園　公衆トイレ,ウラエコウエン　コウシュウトイレ,"","","","",34.701422,135.4830263,"","","","","","","","","","","","","","","","","","","",""
271004,"",大阪府,大阪市,豊崎西公園　公衆トイレ,トヨサキニシコウエン　コウシュウトイレ,"","","","",34.7113676,135.4981598,"","","","","","","","","","","","","","","","","","","",""
271004,"",大阪府,大阪市,南天満公園　公衆トイレ１,ミナミテンマコウエン　コウシュウトイレ１,"","","","",34.6923217,135.5125798,"","","","","","","","","","","","","","","","","","","",""
271004,"",大阪府,大阪市,本庄公園　公衆トイレ,ホンジョウコウエン　コウシュウトイレ,"","","","",34.7151465,135.5040449,"","","","","","","","","","","","","","","","","","","",""
271004,"",大阪府,大阪市,滝川公園　公衆トイレ,タキガワコウエン　コウシュウトイレ,"","","","",34.6939329,135.5144278,"","","","","","","","","","","","","","","","","","","",""
271004,"",大阪府,大阪市,与力町公園　公衆トイレ,ヨリキチョウコウエン　コウシュウトイレ,"","","","",34.7014135,135.5147721,"","","","","","","","","","","","","","","","","","","",""
271004,"",大阪府,大阪市,長柄東公園　公衆トイレ,ナガラヒガシコウエン　コウシュウトイレ,"","","","",34.7121621,135.5196196,"","","","","","","","","","","","","","","","","","","",""
271004,"",大阪府,大阪市,内代公園　公衆トイレ,ウチンダイコウエン　コウシュウトイレ,"","","","",34.7133872,135.5365729,"","","","","","","","","","","","","","","","","","","",""
271004,"",大阪府,大阪市,友渕中央公園　公衆トイレ,トモブチチュウオウコウエン　コウシュウトイレ,"","","","",34.7192379,135.5246787,"","","","","","","","","","","","","","","","","","","",""
271004,"",大阪府,大阪市,都島中央公園　公衆トイレ,ミヤコジマチュウオウコウエン　コウシュウトイレ,"","","","",34.7069072,135.5226104,"","","","","","","","","","","","","","","","","","","",""
271004,"",大阪府,大阪市,毛馬中央公園　公衆トイレ,ケマチュウオウコウエン　コウシュウトイレ,"","","","",34.72271,135.5220451,"","","","","","","","","","","","","","","","","","","",""
271004,"",大阪府,大阪市,福島公園　公衆トイレ,フクシマコウエン　コウシュウトイレ,"","","","",34.6958754,135.4850064,"","","","","","","","","","","","","","","","","","","",""
271004,"",大阪府,大阪市,下福島公園　公衆トイレ,シモフクシマコウエン　コウシュウトイレ,"","","","",34.6904755,135.4831227,"","","","","","","","","","","","","","","","","","","",""
271004,"",大阪府,大阪市,江成公園　公衆トイレ,エナリコウエン　コウシュウトイレ,"","","","",34.6918253,135.473305,"","","","","","","","","","","","","","","","","","","",""
271004,"",大阪府,大阪市,吉野町公園　公衆トイレ,ヨシノチョウコウエン　コウシュウトイレ,"","","","",34.6893635,135.4707899,"","","","","","","","","","","","","","","","","","","",""
271004,"",大阪府,大阪市,神福島北公園　公衆トイレ,カミフクシマキタコウエン　コウシュウトイレ,"","","","",34.7006473,135.486205,"","","","","","","","","","","","","","","","","","","",""
271004,"",大阪府,大阪市,鷺洲中公園　公衆トイレ,サギスナカコウエン　コウシュウトイレ,"","","","",34.6967998,135.4810779,"","","","","","","","","","","","","","","","","","","",""
271004,"",大阪府,大阪市,新家公園　公衆トイレ,シンケコウエン　コウシュウトイレ,"","","","",34.6874696,135.4685646,"","","","","","","","","","","","","","","","","","","",""
271004,"",大阪府,大阪市,海老江公園　公衆トイレ,エビエコウエン　コウシュウトイレ,"","","","",34.6953078,135.4702105,"","","","","","","","","","","","","","","","","","","",""
271004,"",大阪府,大阪市,西九条公園　公衆トイレ,ニシクジョウコウエン　コウシュウトイレ,"","","","",34.6840078,135.4652424,"","","","","","","","","","","","","","","","","","","",""
271004,"",大阪府,大阪市,此花公園　公衆トイレ,コノハナコウエン　コウシュウトイレ,"","","","",34.682349,135.4507557,"","","","","","","","","","","","","","","","","","","",""
271004,"",大阪府,大阪市,梅香公園　公衆トイレ,バイカコウエン　コウシュウトイレ,"","","","",34.6811819,135.4556895,"","","","","","","","","","","","","","","","","","","",""
271004,"",大阪府,大阪市,春日出公園　公衆トイレ,カスガデコウエン　コウシュウトイレ,"","","","",34.6793816,135.4576743,"","","","","","","","","","","","","","","","","","","",""
271004,"",大阪府,大阪市,西九条西公園　公衆トイレ,ニシクジョウニシコウエン　コウシュウトイレ,"","","","",34.6819335,135.4638848,"","","","","","","","","","","","","","","","","","","",""
271004,"",大阪府,大阪市,梅香東公園　公衆トイレ,バイカヒガシコウエン　コウシュウトイレ,"","","","",34.6822589,135.4597352,"","","","","","","","","","","","","","","","","","","",""
271004,"",大阪府,大阪市,高見公園　公衆トイレ,タカミコウエン　コウシュウトイレ,"","","","",34.6915177,135.4584531,"","","","","","","","","","","","","","","","","","","",""
271004,"",大阪府,大阪市,伝法東公園　公衆トイレ,デンポウヒガシコウエン　コウシュウトイレ,"","","","",34.6877783,135.4550945,"","","","","","","","","","","","","","","","","","","",""
271004,"",大阪府,大阪市,伝法公園　公衆トイレ,デンポウコウエン　コウシュウトイレ,"","","","",34.6887124,135.4513021,"","","","","","","","","","","","","","","","","","","",""
271004,"",大阪府,大阪市,旭橋公園　公衆トイレ,アサヒバシコウエン　コウシュウトイレ,"","","","",34.6815084,135.462251,"","","","","","","","","","","","","","","","","","","",""
271004,"",大阪府,大阪市,千鳥橋みどり公園　公衆トイレ,チドリバシミドリコウエン　コウシュウトイレ,"","","","",34.6888139,135.4604986,"","","","","","","","","","","","","","","","","","","",""
271004,"",大阪府,大阪市,高見新家公園　公衆トイレ,タカミシンケコウエン　コウシュウトイレ,"","","","",34.6899078,135.4629315,"","","","","","","","","","","","","","","","","","","",""
271004,"",大阪府,大阪市,瓦屋町公園　公衆トイレ１,カワラヤマチコウエン　コウシュウトイレ１,"","","","",34.6703934,135.5127017,"","","","","","","","","","","","","","","","","","","",""
271004,"",大阪府,大阪市,松島公園　公衆トイレ１,マツシマコウエン　コウシュウトイレ１,"","","","",34.6767573,135.4814336,"","","","","","","","","","","","","","","","","","","",""
271004,"",大阪府,大阪市,松島公園　公衆トイレ２,マツシマコウエン　コウシュウトイレ２,"","","","",34.676953,135.4802943,"","","","","","","","","","","","","","","","","","","",""
271004,"",大阪府,大阪市,九条北公園　公衆トイレ,クジョウキタコウエン　コウシュウトイレ,"","","","",34.6755704,135.4675344,"","","","","","","","","","","","","","","","","","","",""
271004,"",大阪府,大阪市,九条東公園　公衆トイレ,クジョウヒガシコウエン　コウシュウトイレ,"","","","",34.675528,135.4720424,"","","","","","","","","","","","","","","","","","","",""
271004,"",大阪府,大阪市,日吉公園　公衆トイレ,ヒヨシコウエン　コウシュウトイレ,"","","","",34.6708437,135.4847093,"","","","","","","","","","","","","","","","","","","",""
271004,"",大阪府,大阪市,島津公園　公衆トイレ,シマヅコウエン　コウシュウトイレ,"","","","",34.6796202,135.4856101,"","","","","","","","","","","","","","","","","","","",""
271004,"",大阪府,大阪市,築港南公園　公衆トイレ,チッコウミナミコウエン　コウシュウトイレ,"","","","",34.6534818,135.4372796,"","","","","","","","","","","","","","","","","","","",""
271004,"",大阪府,大阪市,東田中公園　公衆トイレ,ヒガシタナカコウエン　コウシュウトイレ,"","","","",34.6651961,135.4515264,"","","","","","","","","","","","","","","","","","","",""
271004,"",大阪府,大阪市,天保山公園　公衆トイレ,テンポウザンコウエン　コウシュウトイレ,"","","","",34.6571448,135.4330398,"","","","","","","","","","","","","","","","","","","",""
271004,"",大阪府,大阪市,三先公園　公衆トイレ　,ミサキコウエン　コウシュウトイレ,"","","","",34.6596445,135.4522089,"","","","","","","","","","","","","","","","","","","",""
271004,"",大阪府,大阪市,市岡元町公園　公衆トイレ,イチオカモトマチコウエン　コウシュウトイレ,"","","","",34.6674104,135.4645558,"","","","","","","","","","","","","","","","","","","",""
271004,"",大阪府,大阪市,磯路中央公園　公衆トイレ１,イソジチュウオウコウエン　コウシュウトイレ１,"","","","",34.6663528,135.4598639,"","","","","","","","","","","","","","","","","","","",""
271004,"",大阪府,大阪市,波除公園　公衆トイレ１,ナミヨケコウエン　コウシュウトイレ１,"","","","",34.6741834,135.4601415,"","","","","","","","","","","","","","","","","","","",""
271004,"",大阪府,大阪市,池島公園　公衆トイレ,イケジマコウエン　コウシュウトイレ,"","","","",34.656765,135.4519563,"","","","","","","","","","","","","","","","","","","",""
271004,"",大阪府,大阪市,夕凪公園　公衆トイレ,ユウナギコウエン　コウシュウトイレ,"","","","",34.6627608,135.4519987,"","","","","","","","","","","","","","","","","","","",""
271004,"",大阪府,大阪市,入船公園　公衆トイレ,イリフネコウエン　コウシュウトイレ,"","","","",34.6575297,135.4478681,"","","","","","","","","","","","","","","","","","","",""
271004,"",大阪府,大阪市,市岡公園　公衆トイレ,イチオカコウエン　コウシュウトイレ,"","","","",34.6598152,135.4621304,"","","","","","","","","","","","","","","","","","","",""
271004,"",大阪府,大阪市,泉尾公園　公衆トイレ１,イズオコウエン　コウシュウトイレ１,"","","","",34.6559436,135.4683941,"","","","","","","","","","","","","","","","","","","",""
271004,"",大阪府,大阪市,泉尾公園　公衆トイレ２,イズオコウエン　コウシュウトイレ２,"","","","",34.6577917,135.4684231,"","","","","","","","","","","","","","","","","","","",""
271004,"",大阪府,大阪市,鶴町中央公園　公衆トイレ,ツルマチチュウオウコウエン　コウシュウトイレ,"","","","",34.6389186,135.4558687,"","","","","","","","","","","","","","","","","","","",""
271004,"",大阪府,大阪市,三軒家公園　公衆トイレ,サンゲンヤコウエン　コウシュウトイレ,"","","","",34.6596796,135.4785231,"","","","","","","","","","","","","","","","","","","",""
271004,"",大阪府,大阪市,鶴町南公園　公衆トイレ,ツルマチミナミコウエン　コウシュウトイレ,"","","","",34.6361736,135.4555062,"","","","","","","","","","","","","","","","","","","",""
271004,"",大阪府,大阪市,南恩加島公園　公衆トイレ,ミナミオカジマコウエン　コウシュウトイレ,"","","","",34.634821,135.472161,"","","","","","","","","","","","","","","","","","","",""
271004,"",大阪府,大阪市,小林公園　公衆トイレ,コバヤシコウエン　コウシュウトイレ,"","","","",34.6435467,135.4745022,"","","","","","","","","","","","","","","","","","","",""
271004,"",大阪府,大阪市,千島公園　公衆トイレ１,チシマコウエン　コウシュウトイレ１,"","","","",34.6493395,135.4720451,"","","","","","","","","","","","","","","","","","","",""
271004,"",大阪府,大阪市,千島公園　公衆トイレ２,チシマコウエン　コウシュウトイレ２,"","","","",34.6498886,135.4739713,"","","","","","","","","","","","","","","","","","","",""
271004,"",大阪府,大阪市,千島公園　公衆トイレ３,チシマコウエン　コウシュウトイレ３,"","","","",34.6479099,135.4737651,"","","","","","","","","","","","","","","","","","","",""
271004,"",大阪府,大阪市,千島公園　公衆トイレ４,チシマコウエン　コウシュウトイレ４,"","","","",34.6482421,135.4763065,"","","","","","","","","","","","","","","","","","","",""
271004,"",大阪府,大阪市,平尾公園　公衆トイレ,ヒラオコウエン　コウシュウトイレ,"","","","",34.6407696,135.4729681,"","","","","","","","","","","","","","","","","","","",""
271004,"",大阪府,大阪市,北村南公園　公衆トイレ,キタムラミナミコウエン　コウシュウトイレ,"","","","",34.6490461,135.4672973,"","","","","","","","","","","","","","","","","","","",""
271004,"",大阪府,大阪市,萩之茶屋北公園,ハギノチャヤキタコウエン,"","","","",34.6475995,135.5008332,"","","","","","","","","","","","","","","","","","","",便器数　　男性用　小：２　　男女兼用　和：１
271004,"",大阪府,大阪市,萩之茶屋中公園,ハギノチャヤナカコウエン,"","","","",34.6458694,135.5008231,"","","","","","","","","","","","","","","","","","","",便器数　　男性用　小：２　　男女兼用　和：１
271004,"",大阪府,大阪市,東入船町,ヒガシイリフネチョウ,"","","","",34.6469976,135.5024596,"","","","","","","","","","","","","","","","","","","",便器数　　男性用　小：２　　男女兼用　和：１
271004,"",大阪府,大阪市,天王寺公園南口,テンノウジコウエンミナミグチ,"","","","",34.6488251,135.5057622,"","","","","","","","","","","","","","","","","","","",便器数　　男性用　小：４　　男女兼用　和：１
271004,"",大阪府,大阪市,今池町,イマイケチョウ,"","","","",34.6457904,135.5021732,"","","","","","","","","","","","","","","","","","","",便器数　　男性用　小：２　　男女兼用　和：１
271004,"",大阪府,大阪市,玉出公園,タマデコウエン,"","","","",34.6277428,135.4924182,"","","","","","","","","","","","","","","","","","","",便器数　　男性用　小：２　　男女兼用　和：１
271004,"",大阪府,大阪市,萩之茶屋南公園,ハギノチャヤミナミコウエン,"","","","",34.6448459,135.5012724,"","","","","","","","","","","","","","","","","","","",便器数　　男性用　小：５　　男女兼用　和：３
271004,"",大阪府,大阪市,萩之茶屋,ハギノチャヤ,"","","","",34.6452646,135.4989043,"","","","","","","","","","","","","","","","","","","",便器数　　男性用　小：５　　男女兼用　和：３
271004,"",大阪府,大阪市,南天満公園　公衆トイレ２,ミナミテンマコウエン　コウシュウトイレ２,"","","","",34.6920583,135.5143827,"","","","","","","","","","","","","","","","","","","",""
271004,"",大阪府,大阪市,中津公園　公衆トイレ,ナカツコウエンコウシュウトイレ,"","","","",34.7147503,135.4983693,"","","","","","","","","","","","","","","","","","","",""
271004,"",大阪府,大阪市,中之島西公園　公衆トイレ,ナカノシマニシコウエン　コウシュウトイレ,"","","","",34.6864055,135.4836846,"","","","","","","","","","","","","","","","","","","",""
271004,"",大阪府,大阪市,磯路中央公園　公衆トイレ２,イソジチュウオウコウエン　コウシュウトイレ２,"","","","",34.6650546,135.4580516,"","","","","","","","","","","","","","","","","","","",""
271004,"",大阪府,大阪市,波除公園　公衆トイレ２,ナミヨケコウエン　コウシュウトイレ２,"","","","",34.6743725,135.4608698,"","","","","","","","","","","","","","","","","","","",""
271004,"",大阪府,大阪市,真田山公園　公衆トイレ１,サナダヤマコウエン　コウシュウトイレ１,"","","","",34.6705836,135.5281747,"","","","","","","","","","","","","","","","","","","",""
271004,"",大阪府,大阪市,真田山公園　公衆トイレ２,サナダヤマコウエン　コウシュウトイレ２,"","","","",34.6697126,135.527375,"","","","","","","","","","","","","","","","","","","",""
271004,"",大阪府,大阪市,宰相山公園　公衆トイレ,サイショウヤマコウエン　コウシュウトイレ,"","","","",34.6727003,135.5294993,"","","","","","","","","","","","","","","","","","","",""
271004,"",大阪府,大阪市,芦原公園　公衆トイレ１,アシハラコウエン　コウシュウトイレ１,"","","","",34.6624508,135.4831031,"","","","","","","","","","","","","","","","","","","",""
271004,"",大阪府,大阪市,芦原公園　公衆トイレ２,アシハラコウエン　コウシュウトイレ２,"","","","",34.6615353,135.4838382,"","","","","","","","","","","","","","","","","","","",""
271004,"",大阪府,大阪市,浪速公園　公衆トイレ,ナニワコウエン　コウシュウトイレ,"","","","",34.6619066,135.4931371,"","","","","","","","","","","","","","","","","","","",""
271004,"",大阪府,大阪市,恵美公園　公衆トイレ,エミコウエン　コウシュウトイレ,"","","","",34.6537515,135.5020661,"","","","","","","","","","","","","","","","","","","",""
271004,"",大阪府,大阪市,塩草公園　公衆トイレ,シオクサコウエン　コウシュウトイレ,"","","","",34.6590249,135.4923475,"","","","","","","","","","","","","","","","","","","",""
271004,"",大阪府,大阪市,佃公園　公衆トイレ,ツクダコウエン　コウシュウトイレ,"","","","",34.7111254,135.4345038,"","","","","","","","","","","","","","","","","","","",""
271004,"",大阪府,大阪市,北之町公園　公衆トイレ,キタノマチコウエン　コウシュウトイレ,"","","","",34.7135219,135.461074,"","","","","","","","","","","","","","","","","","","",""
271004,"",大阪府,大阪市,姫島公園　公衆トイレ,ヒメジマコウエン　コウシュウトイレ,"","","","",34.7045459,135.4523807,"","","","","","","","","","","","","","","","","","","",""
271004,"",大阪府,大阪市,中島公園　公衆トイレ１,ナカジマコウエン　コウシュウトイレ１,"","","","",34.7002802,135.4251658,"","","","","","","","","","","","","","","","","","","",""
271004,"",大阪府,大阪市,中島公園　公衆トイレ２,ナカジマコウエン　コウシュウトイレ２,"","","","",34.7000479,135.4272618,"","","","","","","","","","","","","","","","","","","",""
271004,"",大阪府,大阪市,大和田北公園　公衆トイレ,オオワダキタコウエン　コウシュウトイレ,"","","","",34.7082863,135.4441847,"","","","","","","","","","","","","","","","","","","",""
271004,"",大阪府,大阪市,竹島西公園　公衆トイレ,タケシマニシコウエン　コウシュウトイレ,"","","","",34.7273308,135.449039,"","","","","","","","","","","","","","","","","","","",""
271004,"",大阪府,大阪市,西姫島公園　公衆トイレ,ニシヒメジマコウエン　コウシュウトイレ,"","","","",34.7013478,135.4465792,"","","","","","","","","","","","","","","","","","","",""
271004,"",大阪府,大阪市,福町東公園　公衆トイレ,フクマチヒガシコウエン　コウシュウトイレ,"","","","",34.6980165,135.4453415,"","","","","","","","","","","","","","","","","","","",""
271004,"",大阪府,大阪市,西淀公園　公衆トイレ,ニシヨドコウエン　コウシュウトイレ,"","","","",34.7061034,135.4512414,"","","","","","","","","","","","","","","","","","","",""
271004,"",大阪府,大阪市,福町西公園　公衆トイレ,フクマチニシコウエン　コウシュウトイレ,"","","","",34.6970176,135.443451,"","","","","","","","","","","","","","","","","","","",""
271004,"",大阪府,大阪市,新淀川公園　公衆トイレ,シンヨドガワコウエン　コウシュウトイレ,"","","","",34.6943211,135.4382107,"","","","","","","","","","","","","","","","","","","",""
271004,"",大阪府,大阪市,大和田中央公園　公衆トイレ,オオワダチュウオウコウエン　コウシュウトイレ,"","","","",34.705688,135.443292,"","","","","","","","","","","","","","","","","","","",""
271004,"",大阪府,大阪市,御幣島東公園　公衆トイレ,ミテジマヒガシコウエン　コウシュウトイレ,"","","","",34.7177098,135.4574452,"","","","","","","","","","","","","","","","","","","",""
271004,"",大阪府,大阪市,矢倉緑地公園　公衆トイレ,ヤクラリョクチコウエン　コウシュウトイレ,"","","","",34.687778,135.4183766,"","","","","","","","","","","","","","","","","","","",""
271004,"",大阪府,大阪市,佃ふれあい公園　公衆トイレ,ツクダフレアイコウエン　コウシュウトイレ,"","","","",34.7139008,135.4487459,"","","","","","","","","","","","","","","","","","","",""
271004,"",大阪府,大阪市,十三公園　公衆トイレ１,ジュウソウコウエン　コウシュウトイレ１,"","","","",34.717056,135.4782118,"","","","","","","","","","","","","","","","","","","",""
271004,"",大阪府,大阪市,十三公園　公衆トイレ２,ジュウソウコウエン　コウシュウトイレ２,"","","","",34.7172646,135.4768798,"","","","","","","","","","","","","","","","","","","",""
271004,"",大阪府,大阪市,塚本公園　公衆トイレ,ツカモトコウエン　コウシュウトイレ,"","","","",34.7157844,135.4681852,"","","","","","","","","","","","","","","","","","","",""
271004,"",大阪府,大阪市,三国本町公園　公衆トイレ,ミクニホンマチコウエン　コウシュウトイレ,"","","","",34.7310488,135.4870169,"","","","","","","","","","","","","","","","","","","",""
271004,"",大阪府,大阪市,十八条東公園　公衆トイレ,ジュウハチジョウヒガシコウエン　コウシュウトイレ,"","","","",34.7469558,135.4963548,"","","","","","","","","","","","","","","","","","","",""
271004,"",大阪府,大阪市,十八条中央公園　公衆トイレ,ジュウハチジョウチュウオウコウエン　コウシュウトイレ,"","","","",34.748149,135.4899678,"","","","","","","","","","","","","","","","","","","",""
271004,"",大阪府,大阪市,北中島公園,北中島公園　公衆トイレ,"",きたなかじまこうえん　こうしゅうといれ,"","",34.7376911,135.4952162,"","","","","","","","","","","","","","","","","","","",""
271004,"",大阪府,大阪市,加島中央公園　公衆トイレ,カシマチュウオウコウエン　コウシュウトイレ,"","","","",34.7283338,135.4595169,"","","","","","","","","","","","","","","","","","","",""
271004,"",大阪府,大阪市,田川公園　公衆トイレ,タガワコウエン　コウシュウトイレ,"","","","",34.7201021,135.4636995,"","","","","","","","","","","","","","","","","","","",""
271004,"",大阪府,大阪市,野中南公園　公衆トイレ,ノナカミナミコウエン　コウシュウトイレ,"","","","",34.7263813,135.4826908,"","","","","","","","","","","","","","","","","","","",""
271004,"",大阪府,大阪市,加島南公園　公衆トイレ,カシマミナミコウエン　コウシュウトイレ,"","","","",34.7248276,135.4591902,"","","","","","","","","","","","","","","","","","","",""
271004,"",大阪府,大阪市,新高中央公園　公衆トイレ,ニイタカチュウオウコウエン　コウシュウトイレ,"","","","",34.7355347,135.4780184,"","","","","","","","","","","","","","","","","","","",""
271004,"",大阪府,大阪市,瑞光寺公園　公衆トイレ,ズイコウジコウエン　コウシュウトイレ,"","","","",34.7493853,135.5384203,"","","","","","","","","","","","","","","","","","","",""
271004,"",大阪府,大阪市,淡路公園　公衆トイレ,アワジコウエン　コウシュウトイレ,"","","","",34.7426473,135.5157342,"","","","","","","","","","","","","","","","","","","",""
271004,"",大阪府,大阪市,豊里中央公園　公衆トイレ,トヨサトチュウオウコウエン　コウシュウトイレ,"","","","",34.7419464,135.5429302,"","","","","","","","","","","","","","","","","","","",""
271004,"",大阪府,大阪市,日之出公園　公衆トイレ,ヒノデコウエン　コウシュウトイレ,"","","","",34.7369466,135.5034358,"","","","","","","","","","","","","","","","","","","",""
271004,"",大阪府,大阪市,井高野公園　公衆トイレ,イタカノコウエン　コウシュウトイレ,"","","","",34.7650741,135.5439665,"","","","","","","","","","","","","","","","","","","",""
271004,"",大阪府,大阪市,西淡路公園　公衆トイレ,ニシアワジコウエン　コウシュウトイレ,"","","","",34.738499,135.5084363,"","","","","","","","","","","","","","","","","","","",""
271004,"",大阪府,大阪市,北江口中央公園　公衆トイレ,キタエグチチュウオウコウエン　コウシュウトイレ,"","","","",34.7579731,135.544467,"","","","","","","","","","","","","","","","","","","",""
271004,"",大阪府,大阪市,淡路３公園　公衆トイレ,アワジ３コウエン　コウシュウトイレ,"","","","",34.7377811,135.5129018,"","","","","","","","","","","","","","","","","","","",""
271004,"",大阪府,大阪市,深江公園　公衆トイレ,フカエコウエン　コウシュウトイレ,"","","","",34.6739174,135.5592145,"","","","","","","","","","","","","","","","","","","",""
271004,"",大阪府,大阪市,神路公園　公衆トイレ,カミジコウエン　コウシュウトイレ,"","","","",34.6777017,135.5477912,"","","","","","","","","","","","","","","","","","","",""
271004,"",大阪府,大阪市,東中元公園　公衆トイレ,ヒガシナカモトコウエン　コウシュウトイレ,"","","","",34.6759047,135.5448787,"","","","","","","","","","","","","","","","","","","",""
271004,"",大阪府,大阪市,東小橋公園　公衆トイレ,ヒガシコハシコウエン　コウシュウトイレ,"","","","",34.6696276,135.5328653,"","","","","","","","","","","","","","","","","","","",""
271004,"",大阪府,大阪市,東小橋北公園　公衆トイレ,ヒガシコハシキタコウエン　コウシュウトイレ,"","","","",34.673189,135.533473,"","","","","","","","","","","","","","","","","","","",""
271004,"",大阪府,大阪市,東深江公園　公衆トイレ,ヒガシフカエコウエン　コウシュウトイレ,"","","","",34.6756794,135.5621445,"","","","","","","","","","","","","","","","","","","",""
271004,"",大阪府,大阪市,桃谷公園　公衆トイレ,モモダニコウエン　コウシュウトイレ,"","","","",34.659994,135.529721,"","","","","","","","","","","","","","","","","","","",""
271004,"",大阪府,大阪市,巽公園　公衆トイレ,タツミコウエン　コウシュウトイレ,"","","","",34.6517826,135.5465341,"","","","","","","","","","","","","","","","","","","",""
271004,"",大阪府,大阪市,巽大地公園　公衆トイレ,タツミダイチコウエン　コウシュウトイレ,"","","","",34.6479306,135.5509086,"","","","","","","","","","","","","","","","","","","",""
271004,"",大阪府,大阪市,巽東緑地　公衆トイレ,タツミヒガシリョクチ　コウシュウトイレ,"","","","",34.6449069,135.5605801,"","","","","","","","","","","","","","","","","","","",""
271004,"",大阪府,大阪市,今津中公園　公衆トイレ１,イマヅナカコウエン　コウシュウトイレ１,"","","","",34.6913696,135.5696924,"","","","","","","","","","","","","","","","","","","",""
271004,"",大阪府,大阪市,今津中公園　公衆トイレ２,イマヅナカコウエン　コウシュウトイレ２,"","","","",34.691059,135.571079,"","","","","","","","","","","","","","","","","","","",""
271004,"",大阪府,大阪市,茨田大宮西公園　公衆トイレ,マッタオオミヤニシコウエン　コウシュウトイレ,"","","","",34.7117231,135.5940156,"","","","","","","","","","","","","","","","","","","",""
271004,"",大阪府,大阪市,茨田大宮中央公園　公衆トイレ,マッタオオミヤチュウオウコウエン　コウシュウトイレ,"","","","",34.7124804,135.5981099,"","","","","","","","","","","","","","","","","","","",""
271004,"",大阪府,大阪市,鶴見中央公園　公衆トイレ,ツルミチュウオウコウエン　コウシュウトイレ,"","","","",34.6976964,135.5656473,"","","","","","","","","","","","","","","","","","","",""
271004,"",大阪府,大阪市,長池公園　公衆トイレ,ナガイケコウエン　コウシュウトイレ,"","","","",34.6232056,135.5187337,"","","","","","","","","","","","","","","","","","","",""
271004,"",大阪府,大阪市,桃ヶ池公園　公衆トイレ,モモガイケコウエン　コウシュウトイレ,"","","","",34.6308307,135.5217554,"","","","","","","","","","","","","","","","","","","",""
271004,"",大阪府,大阪市,聖天山公園　公衆トイレ,"","","","","",34.6359493,135.5039734,"","","","","","","","","","","","","","","","","","","",""
271004,"",大阪府,大阪市,中加賀屋公園　公衆トイレ,ナカカガヤコウエン　コウシュウトイレ,"","","","",34.6194576,135.4819268,"","","","","","","","","","","","","","","","","","","",""
271004,"",大阪府,大阪市,浜口西公園　公衆トイレ,ハマグチニシコウエン　コウシュウトイレ,"","","","",34.6106843,135.4837391,"","","","","","","","","","","","","","","","","","","",""
271004,"",大阪府,大阪市,北加賀屋公園　公衆トイレ,キタカガヤコウエン　コウシュウトイレ,"","","","",34.6224068,135.4758234,"","","","","","","","","","","","","","","","","","","",""
271004,"",大阪府,大阪市,新北島東公園　公衆トイレ,シンキタジマヒガシコウエン　コウシュウトイレ,"","","","",34.60704,135.4699073,"","","","","","","","","","","","","","","","","","","",""
271004,"",大阪府,大阪市,浜口公園　公衆トイレ,ハマグチコウエン　コウシュウトイレ,"","","","",34.60824,135.4841454,"","","","","","","","","","","","","","","","","","","",""
271004,"",大阪府,大阪市,柴谷公園　公衆トイレ,シバタニコウエン　コウシュウトイレ,"","","","",34.61729,135.4658932,"","","","","","","","","","","","","","","","","","","",""
271004,"",大阪府,大阪市,敷津浦東公園　公衆トイレ,シキツウラヒガシコウエン　コウシュウトイレ,"","","","",34.6031075,135.4793356,"","","","","","","","","","","","","","","","","","","",""
271004,"",大阪府,大阪市,南港中央公園　公衆トイレ１,ナンコウチュウオウコウエン　コウシュウトイレ１,"","","","",34.6317392,135.4313548,"","","","","","","","","","","","","","","","","","","",""
271004,"",大阪府,大阪市,南港中央公園　公衆トイレ２,ナンコウチュウオウコウエン　コウシュウトイレ２,"","","","",34.6325249,135.4331011,"","","","","","","","","","","","","","","","","","","",""
271004,"",大阪府,大阪市,南港中央公園　公衆トイレ３,ナンコウチュウオウコウエン　コウシュウトイレ３,"","","","",34.6310384,135.4345294,"","","","","","","","","","","","","","","","","","","",""
271004,"",大阪府,大阪市,南港中央公園　公衆トイレ４,ナンコウチュウオウコウエン　コウシュウトイレ４,"","","","",34.629675,135.4333322,"","","","","","","","","","","","","","","","","","","",""
271004,"",大阪府,大阪市,平林泉公園　公衆トイレ,ヒラバヤシイズミコウエン　コウシュウトイレ,"","","","",34.6129806,135.4621627,"","","","","","","","","","","","","","","","","","","",""
271004,"",大阪府,大阪市,清水丘公園　公衆トイレ,シミズガオカコウエン　コウシュウトイレ,"","","","",34.6023663,135.491733,"","","","","","","","","","","","","","","","","","","",""
271004,"",大阪府,大阪市,おりおの南公園　公衆トイレ,オリオノミナミコウエン　コウシュウトイレ,"","","","",34.5967373,135.4927072,"","","","","","","","","","","","","","","","","","","",""
271004,"",大阪府,大阪市,万代池公園　公衆トイレ１,バンダイイケコウエン　コウシュウトイレ１,"","","","",34.6203802,135.5035234,"","","","","","","","","","","","","","","","","","","",""
271004,"",大阪府,大阪市,万代池公園　公衆トイレ２,バンダイイケコウエン　コウシュウトイレ２,"","","","",34.6200043,135.5010582,"","","","","","","","","","","","","","","","","","","",""
271004,"",大阪府,大阪市,沢之町公園　公衆トイレ,サワノチョウコウエン　コウシュウトイレ,"","","","",34.6038832,135.5015163,"","","","","","","","","","","","","","","","","","","",""
271004,"",大阪府,大阪市,山之内西公園　公衆トイレ,ヤマノウチニシコウエン　コウシュウトイレ,"","","","",34.589055,135.5005266,"","","","","","","","","","","","","","","","","","","",""
271004,"",大阪府,大阪市,浅香中央公園　公衆トイレ１,アサカチュウオウコウエン　コウシュウトイレ１,"","","","",34.5916315,135.5089423,"","","","","","","","","","","","","","","","","","","",""
271004,"",大阪府,大阪市,浅香中央公園　公衆トイレ２,アサカチュウオウコウエン　コウシュウトイレ２,"","","","",34.5907744,135.5101873,"","","","","","","","","","","","","","","","","","","",""
271004,"",大阪府,大阪市,万領中央公園　公衆トイレ,マンリョウチュウオウコウエン　コウシュウトイレ,"","","","",34.6164805,135.5042955,"","","","","","","","","","","","","","","","","","","",""
271004,"",大阪府,大阪市,育和公園　公衆トイレ,イクワコウエン　コウシュウトイレ,"","","","",34.6328837,135.5423576,"","","","","","","","","","","","","","","","","","","",""
271004,"",大阪府,大阪市,平野白鷺公園　公衆トイレ１,ヒラノシラサギコウエン　コウシュウトイレ１,"","","","",34.6277077,135.5422201,"","","","","","","","","","","","","","","","","","","",""
271004,"",大阪府,大阪市,平野白鷺公園　公衆トイレ２,ヒラノシラサギコウエン　コウシュウトイレ２,"","","","",34.6264954,135.5419884,"","","","","","","","","","","","","","","","","","","",""
271004,"",大阪府,大阪市,今川公園　公衆トイレ,イマガワコウエン　コウシュウトイレ,"","","","",34.6264799,135.5346527,"","","","","","","","","","","","","","","","","","","",""
271004,"",大阪府,大阪市,矢田公園　公衆トイレ,ヤタコウエン　コウシュウトイレ,"","","","",34.6009595,135.5327063,"","","","","","","","","","","","","","","","","","","",""
271004,"",大阪府,大阪市,うるし堤公園　公衆トイレ,ウルシツツミコウエン　コウシュウトイレ,"","","","",34.6312203,135.5347295,"","","","","","","","","","","","","","","","","","","",""
271004,"",大阪府,大阪市,照ヶ丘矢田公園　公衆トイレ,テルガオカヤタコウエン　コウシュウトイレ,"","","","",34.608376,135.5344311,"","","","","","","","","","","","","","","","","","","",""
271004,"",大阪府,大阪市,矢田教育の森公園　公衆トイレ,ヤタキョウイクノモリコウエン　コウシュウトイレ,"","","","",34.599542,135.5282455,"","","","","","","","","","","","","","","","","","","",""
271004,"",大阪府,大阪市,鞍作公園　公衆トイレ,クラツクリコウエン　コウシュウトイレ,"","","","",34.6228271,135.5710028,"","","","","","","","","","","","","","","","","","","",""
271004,"",大阪府,大阪市,平野西公園　公衆トイレ,ヒラノニシコウエン　コウシュウトイレ,"","","","",34.6193304,135.5459829,"","","","","","","","","","","","","","","","","","","",""
271004,"",大阪府,大阪市,長吉東部中央公園　公衆トイレ,ナガヨシトウブチュウオウコウエン　コウシュウトイレ,"","","","",34.6034148,135.5774006,"","","","","","","","","","","","","","","","","","","",""
271004,"",大阪府,大阪市,長吉出戸公園　公衆トイレ,ナガヨシデトコウエン　コウシュウトイレ,"","","","",34.6132937,135.565336,"","","","","","","","","","","","","","","","","","","",""
271004,"",大阪府,大阪市,喜連西中央公園　公衆トイレ,キレニシチュウオウコウエン　コウシュウトイレ,"","","","",34.613059,135.541161,"","","","","","","","","","","","","","","","","","","",""
271004,"",大阪府,大阪市,川辺大和川公園　公衆トイレ,カワナベヤマトガワコウエン　コウシュウトイレ,"","","","",34.5964862,135.5672225,"","","","","","","","","","","","","","","","","","","",""
271004,"",大阪府,大阪市,天下茶屋公園　公衆トイレ,テンガチャヤコウエン　コウシュウトイレ,"","","","",34.6326332,135.4973257,"","","","","","","","","","","","","","","","","","","",""
271004,"",大阪府,大阪市,西皿池公園　公衆トイレ,ニシサライケコウエン　コウシュウトイレ,"","","","",34.6367933,135.4932664,"","","","","","","","","","","","","","","","","","","",""
271004,"",大阪府,大阪市,玉出西公園　公衆トイレ,タマデニシコウエン　コウシュウトイレ,"","","","",34.6266806,135.4896256,"","","","","","","","","","","","","","","","","","","",""
271004,"",大阪府,大阪市,北津守公園　公衆トイレ,キタツモリコウエン　コウシュウトイレ,"","","","",34.6504306,135.4812113,"","","","","","","","","","","","","","","","","","","",""
271004,"",大阪府,大阪市,西成公園　公衆トイレ,ニシナリコウエン　コウシュウトイレ,"","","","",34.6461691,135.4820164,"","","","","","","","","","","","","","","","","","","",""
271004,"",大阪府,大阪市,南津守中央公園　公衆トイレ,ミナミツモリチュウオウコウエン　コウシュウトイレ,"","","","",34.6257625,135.4833962,"","","","","","","","","","","","","","","","","","","",""
271004,"",大阪府,大阪市,南津守さくら公園　公衆トイレ,ミナミツモリサクラコウエン　コウシュウトイレ,"","","","",34.6359788,135.4836226,"","","","","","","","","","","","","","","","","","","",""
271004,"",大阪府,大阪市,鶴見橋中央公園　公衆トイレ,ツルミバシチュウオウコウエン　コウシュウトイレ,"","","","",34.6463517,135.4925455,"","","","","","","","","","","","","","","","","","","",""
271004,"",大阪府,大阪市,瓦屋町　公衆トイレ2,カワラヤマチコウエン　コウシュウトイレ2,"","","","",34.6703993,135.5128452,"","","","","","","","","","","","","","","","","","","",""
271004,"",大阪府,大阪市,平野公園　公衆トイレ,ヒラノコウエン　コウシュウトイレ,"","","","",34.6221196,135.5591181,"","","","","","","","","","","","","","","","","","","",""
271004,"",大阪府,大阪市,ポートタウン東駅前公衆トイレ,ポートタウンヒガシエキマエコウシュウトイレ,"",大阪市住之江区南港中２－１,"","",34.6311268,135.4299231,"","","","","","","","","","","","","","","","","","","",障害者用トイレあり
271004,"",大阪府,大阪市,舞洲運動広場,公衆便所,"","","","",34.6629991,135.4011316,"","","","","","","","","","","","","","","","","","","",【男性用】洋：1　和：2　小：10　【女性用】洋：4　和：5　【障がい者用】洋：1
271004,"",大阪府,大阪市,常吉西臨港緑地,公衆便所,"","","","",34.6727601,135.4096955,"","","","","","","","","","","","","","","","","","","",【男性用】和：1　小：2　【女性用】和：2　【障がい者用】洋：1
271004,"",大阪府,大阪市,常吉西臨港緑地,公衆便所,"","","","",34.6756473,135.4113731,"","","","","","","","","","","","","","","","","","","",【男性用】和：1　小：2　【女性用】和：2　【障がい者用】洋：1
271004,"",大阪府,大阪市,野鳥園臨港緑地,公衆便所,"","","","",34.6370409,135.40213550000001,"","","","","","","","","","","","","","","","","","","",【男性用】和：1　小：2　【女性用】和：1
271004,"",大阪府,大阪市,野鳥園臨港緑地,公衆便所,"","","","",34.6347312,135.4010481,"","","","","","","","","","","","","","","","","","","",【男性用】洋：1　和：1　小：3　【女性用】洋：1　和：2　【障がい者用】洋：1
271004,"",大阪府,大阪市,南港魚つり園護岸,公衆便所,"","","","",34.61484,135.4018242,"","","","","","","","","","","","","","","","","","","",【男性用】小：2　【男女兼用】和：1
271004,"",大阪府,大阪市,南港魚つり園護岸,公衆便所,"","","","",34.6121519,135.4028726,"","","","","","","","","","","","","","","","","","","",【男性用】和：1　小：2　【女性用】和：2
271004,"",大阪府,大阪市,天保山ハーバービレッジ,公衆便所,"",大阪市港区海岸通１,"","",34.6561051,135.4310502,"","","","","","","","","","","","","","","","","","","",【男性用】和：1　小：2　【女性用】和：2　【障がい者用】洋：1
271004,"",大阪府,大阪市,天保山西岸壁　公衆トイレ,テンポウザンニシガンペキ　コウシュウトイレ,"","","","",34.6537501,135.4286659,"","","","","","","","","","","","","","","","","","","",【男性用】和：1　小：2　【女性用】和：2　【障がい者用】洋：1
271004,"",大阪府,大阪市,舞洲体育館,公衆便所,"","","","",34.6647731,135.3964613,"","","","","","","","","","","","","","","","","","","",【男性用】洋：1(乳幼児イス設置)　和：1　小：5　【女性用】洋：2(1箇所乳幼児イス設置)　和：3　【障がい者用】洋：2(2箇所とも乳幼児ベッド設置)
271004,"",大阪府,大阪市,天神橋南,テンジンバシミナミ,"","","","",34.6904116,135.5114789,"","","","","","","","","","","","","","","","","","","",便器数　　男性用　小：２　　男女兼用　和：１
271004,"",大阪府,大阪市,茶臼山,チャウスヤマ,"","","","",34.6484996,135.5127805,"","","","","","","","","","","","","","","","","","","",便器数　　男性用　和：２　小：３　　女性用　和：３
271004,"",大阪府,大阪市,蕪村公園　公衆トイレ,ブソンコウエン　コウシュウトイレ,"",都島区毛馬町１丁目１２ 城北公園通,"","",34.718185,135.520086,"","","","","","","","","","","","","","","","","","","",""
271004,"",大阪府,大阪市,大阪城公園　公衆トイレ１０,オオサカジョウコウエン　コウシュウトイレ１０,"",中央区大阪城３－１５,"","",34.682651,135.52722,"","","","","","","","","","","","","","","","","","","",""
271004,"",大阪府,大阪市,歌島公園　公衆トイレ,ウタジマコウエン　コウシュウトイレ,"",西淀川区御幣島５丁目２－１５,"","",34.719207,135.458357,"","","","","","","","","","","","","","","","","","","",""
271004,"",大阪府,大阪市,中島公園　公衆トイレ３,ナカジマコウエン　コウシュウトイレ３,"",西淀川区中島１丁目３５－１０４,"","",34.700942,135.423574,"","","","","","","","","","","","","","","","","","","",""
271004,"",大阪府,大阪市,中島公園　公衆トイレ４,ナカジマコウエン　コウシュウトイレ４,"",西淀川区中島２丁目３－８７,"","",34.702159,135.421343,"","","","","","","","","","","","","","","","","","","",""
271004,"",大阪府,大阪市,菅原公園　公衆トイレ,スガハラコウエン　コウシュウトイレ,"",東淀川区菅原３丁目３－１２,"","",34.738932,135.526354,"","","","","","","","","","","","","","","","","","","",""
271004,"",大阪府,大阪市,新森中央公園　公衆トイレ,シンモリチュウオウコウエン　コウシュウトイレ,"",旭区新森４丁目２２－３２,"","",34.718088,135.556524,"","","","","","","","","","","","","","","","","","","",""
271004,"",大阪府,大阪市,花博記念公園鶴見緑地　公衆トイレ１８,ハナハクキネンコウエンツルミリョクチ　コウシュウトイレ１８,"",鶴見区浜５丁目２－１４,"","",34.714348,135.580376,"","","","","","","","","","","","","","","","","","","",""
271004,"",大阪府,大阪市,花博記念公園鶴見緑地　公衆トイレ１９,ハナハクキネンコウエンツルミリョクチ　コウシュウトイレ１９,"",鶴見区緑３丁目１４－１９,"","",34.714397,135.56983,"","","","","","","","","","","","","","","","","","","",""
271004,"",大阪府,大阪市,花博記念公園鶴見緑地　公衆トイレ２０,ハナハクキネンコウエンツルミリョクチ　コウシュウトイレ２０,"",守口市南寺方東通４丁目２９－１０,"","",34.716006,135.576412,"","","","","","","","","","","","","","","","","","","",""
271004,"",大阪府,大阪市,花博記念公園鶴見緑地　公衆トイレ２１,ハナハクキネンコウエンツルミリョクチ　コウシュウトイレ２１,"",鶴見区浜１丁目２－６,"","",34.707328,135.58057,"","","","","","","","","","","","","","","","","","","",""
271004,"",大阪府,大阪市,花博記念公園鶴見緑地　公衆トイレ２２,ハナハクキネンコウエンツルミリョクチ　コウシュウトイレ２２,"",鶴見区浜１丁目１ 府道8号線,"","",34.705612,135.580392,"","","","","","","","","","","","","","","","","","","",""
271004,"",大阪府,大阪市,花博記念公園鶴見緑地　公衆トイレ２３,ハナハクキネンコウエンツルミリョクチ　コウシュウトイレ２３,"",鶴見区緑地公園２－１６３,"","",34.71086,135.574347,"","","","","","","","","","","","","","","","","","","",""
271004,"",大阪府,大阪市,花博記念公園鶴見緑地　公衆トイレ２４,ハナハクキネンコウエンツルミリョクチ　コウシュウトイレ２４,"",鶴見区緑地公園２－１１０,"","",34.712977,135.57984,"","","","","","","","","","","","","","","","","","","",""
271004,"",大阪府,大阪市,花博記念公園鶴見緑地　公衆トイレ２５,ハナハクキネンコウエンツルミリョクチ　コウシュウトイレ２５,"",鶴見区横堤４丁目２９－６０,"","",34.709877,135.570136,"","","","","","","","","","","","","","","","","","","",""
271004,"",大阪府,大阪市,花博記念公園鶴見緑地　公衆トイレ２６,ハナハクキネンコウエンツルミリョクチ　コウシュウトイレ２６,"",鶴見区緑３丁目１６－５８,"","",34.711777,135.56748,"","","","","","","","","","","","","","","","","","","",""
271004,"",大阪府,大阪市,弁天町,ベンテンチョウ,"","","","",34.669526,135.462509,"","","","","","","","","","","","","","","","","","","",便器数　男性用　大：１　小：２　身１（ｵｽﾄﾒｲﾄ有）